ID,Temp. Accuracy Check,Collection,SKU,Title,Tag,(Internal) Car ID - Expanded,MPN,Dropship,Cost,Price,AI Description Editor,Body HTML,Engine Required,Metafield: custom.engine_types [single_line_text_field],Image urls,Supplier,Status,Option 1 Name,Option 1 Value,Shipping,Weight,Cross Sell Products/jobs,Related Products,Product Type,Availability,Meta Title,Page Meta Description (160 character max),Prodcut Meta Description,Tag Command
5779,x,Weatherstripping,A-100,Weatherstrip Adhesive Black,"1928_MOPAR_Cars, 1929_MOPAR_Cars, 1930_MOPAR_Cars, 1931_MOPAR_Cars, 1932_MOPAR_Cars, 1933_MOPAR_Cars, 1933_MOPAR_Trucks, 1934_MOPAR_Cars, 1934_MOPAR_Trucks, 1935_MOPAR_Cars, 1935_MOPAR_Trucks, 1936_MOPAR_Cars, 1936_MOPAR_Trucks, 1937_MOPAR_Cars, 1937_MOPAR_Trucks, 1938_MOPAR_Cars, 1938_MOPAR_Trucks, 1939_MOPAR_Cars, 1939_MOPAR_Trucks, 1940_MOPAR_Cars, 1940_MOPAR_Trucks, 1941_MOPAR_Cars, 1941_MOPAR_Trucks, 1942_MOPAR_Cars, 1942_MOPAR_Trucks, 1946_MOPAR_Cars, 1946_MOPAR_Trucks, 1947_MOPAR_Trucks, 1948_MOPAR_Cars, 1949_MOPAR_Cars, 1950_MOPAR_Cars, 1951_MOPAR_Cars, 1952_MOPAR_Cars, 1953_MOPAR_Cars, 1954_MOPAR_Cars, 1955_MOPAR_Cars, 1956_MOPAR_Cars, 1956_MOPAR_Trucks, 1957_MOPAR_Cars, 1958_MOPAR_Cars, 1959_MOPAR_Cars, 1960_MOPAR_Cars, 1961_MOPAR_Cars, 1962_MOPAR_Cars","1928_Chrysler_Series 52, 1928_Chrysler_Series 62, 1928_Chrysler_Series 72, 1928_Chrysler_Series 80 L Imperial, 1928_Dodge_Victory Six, 1928_Plymouth_Model Q, 1929_Chrysler_Series 65, 1929_Chrysler_Series 66, 1929_Chrysler_Series 70, 1929_Chrysler_Series 75, 1929_Chrysler_Series 80 L Imperial, 1929_DeSoto_Model K, 1929_Plymouth_Model U, 1930_Chrysler_Series 66, 1930_Chrysler_Series 70, 1930_Chrysler_Series 77, 1930_Chrysler_Series 80 L Imperial, 1930_Chrysler_Series CD, 1930_Chrysler_Series CG, 1930_Chrysler_Series CJ, 1930_Chrysler_Series Six, 1930_DeSoto_Model CF, 1930_DeSoto_Model CK, 1930_DeSoto_Model K, 1930_Plymouth_Model U, 1931_Chrysler_Custom Line, 1931_Chrysler_Deluxe Series CD, 1931_Chrysler_Series 66, 1931_Chrysler_Series 70, 1931_Chrysler_Series 77, 1931_Chrysler_Series CD, 1931_Chrysler_Series CG, 1931_Chrysler_Series CJ, 1931_Chrysler_Series Six, 1931_Chrysler_Series Six CM, 1931_Chrysler_Standard Line, 1931_DeSoto_Model CF, 1931_DeSoto_Model CK, 1931_DeSoto_Model SA, 1931_Plymouth_Model PA, 1932_Chrysler_Custom Line, 1932_Chrysler_Deluxe Series CD, 1932_Chrysler_Imperial Custom Series CL, 1932_Chrysler_Series 70, 1932_Chrysler_Series CD, 1932_Chrysler_Series CG, 1932_Chrysler_Series CH, 1932_Chrysler_Series CI, 1932_Chrysler_Series CP, 1932_Chrysler_Series Six CM, 1932_Chrysler_Standard Line, 1932_DeSoto_Model CF, 1932_DeSoto_Model SA, 1932_DeSoto_Model SC, 1932_Dodge_Series DK, 1932_Dodge_Series DL, 1932_Dodge_Series DM, 1932_Plymouth_Model PB, 1933_Chrysler_Imperial Custom Series CL, 1933_Chrysler_Imperial Series CQ, 1933_Chrysler_Royal Series CT, 1933_Chrysler_Series CO, 1933_DeSoto_Model SD, 1933_Dodge_Deluxe, 1933_Dodge_Truck, 1933_Plymouth_Model PC, 1933_Plymouth_Model PD, 1934_Chrysler_Airflow Series CU, 1934_Chrysler_Imperial Airflow Series CV, 1934_Chrysler_Imperial Custom Airflow Series CW, 1934_Chrysler_Imperial Custom Airflow Series CX, 1934_Chrysler_Series CA, 1934_Chrysler_Series CB, 1934_DeSoto_Airflow, 1934_Dodge_Series DR, 1934_Dodge_Series DS, 1934_Dodge_Series DT, 1934_Dodge_Truck, 1934_Plymouth_Deluxe PE Model, 1934_Plymouth_Standard PF Model, 1934_Plymouth_Standard PG Model, 1935_Chrysler_Airflow Series C-1, 1935_Chrysler_Airstream Deluxe Series CZ, 1935_Chrysler_Airstream Series C-6, 1935_Chrysler_Airstream Series CZ, 1935_Chrysler_Imperial Airflow Series C-2, 1935_Chrysler_Imperial Custom Airflow Series C-3, 1935_Chrysler_Imperial Custom Airflow Series C-W, 1935_DeSoto_Airflow, 1935_DeSoto_Airflow III, 1935_DeSoto_Airstream, 1935_Dodge_Deluxe, 1935_Dodge_Truck, 1935_Plymouth_Deluxe PJ Model, 1935_Plymouth_Model PJ, 1936_Chrysler_Airflow, 1936_Chrysler_Airstream Deluxe Series C-8, 1936_Chrysler_Airstream Series C-7, 1936_Chrysler_Imperial Airflow, 1936_Chrysler_Imperial Custom Airflow, 1936_DeSoto_Airflow III, 1936_DeSoto_Deluxe Airstream, 1936_Dodge_Series D2, 1936_Dodge_Truck, 1936_Plymouth_P1 Business Line, 1936_Plymouth_P2 Deluxe, 1937_Chrysler_Airflow, 1937_Chrysler_Custom, 1937_Chrysler_Imperial, 1937_Chrysler_Imperial Custom, 1937_Chrysler_Imperial Custom Airflow, 1937_Chrysler_Royal, 1937_DeSoto_S-3, 1937_Dodge_Deluxe, 1937_Dodge_Truck, 1937_Plymouth_Deluxe, 1937_Plymouth_PT-50, 1937_Plymouth_Roadking, 1938_Chrysler_C19, 1938_Chrysler_Imperial, 1938_Chrysler_Imperial Custom, 1938_Chrysler_New York Special, 1938_Chrysler_Royal, 1938_DeSoto_S-5, 1938_Dodge_Deluxe, 1938_Dodge_Truck, 1938_Plymouth_Deluxe, 1938_Plymouth_PT-57, 1938_Plymouth_Roadking, 1939_Chrysler_Imperial, 1939_Chrysler_Imperial Custom, 1939_Chrysler_New Yorker, 1939_Chrysler_Royal, 1939_Chrysler_Royal Windsor, 1939_Chrysler_Saratoga, 1939_DeSoto_S-6, 1939_Dodge_Special, 1939_Dodge_Truck, 1939_Plymouth_P7 Roadking, 1939_Plymouth_P8 Deluxe, 1939_Plymouth_PT-81_3.3L_2 Dr. Standard Cab Pickup_6, 1940_Chrysler_Crown Imperial, 1940_Chrysler_New Yorker, 1940_Chrysler_Royal, 1940_Chrysler_Saratoga, 1940_Chrysler_Traveler, 1940_Chrysler_Windsor, 1940_DeSoto_S-7, 1940_Dodge_Special, 1940_Dodge_VD15, 1940_Dodge_VD20, 1940_Dodge_VD21, 1940_Plymouth_P10 Deluxe, 1940_Plymouth_P9 Roadking, 1940_Plymouth_PT-105_3.3L_2 Dr. Standard Cab Pickup_6, 1941_Chrysler_Crown Imperial, 1941_Chrysler_New Yorker, 1941_Chrysler_Royal, 1941_Chrysler_Saratoga, 1941_Chrysler_Town & Country, 1941_Chrysler_Windsor, 1941_DeSoto_S-8, 1941_Dodge_Custom Series D-19, 1941_Dodge_Deluxe Series D-19, 1941_Dodge_WD15, 1941_Dodge_WD20, 1941_Dodge_WD21, 1941_Plymouth_P11 Deluxe, 1941_Plymouth_P11 Standard, 1941_Plymouth_P12 Special Deluxe, 1941_Plymouth_PT-125_3.3L_2 Dr. Standard Cab Pickup_6, 1942_Chrysler_Crown Imperial, 1942_Chrysler_New Yorker, 1942_Chrysler_Royal, 1942_Chrysler_Saratoga, 1942_Chrysler_Town & Country, 1942_Chrysler_Windsor, 1942_DeSoto_S-10, 1942_Dodge_Custom Series D-22, 1942_Dodge_Deluxe Series D-22, 1942_Dodge_WD15, 1942_Dodge_WD20, 1942_Dodge_WD21, 1942_Plymouth_P14C Special Deluxe, 1942_Plymouth_P14S Deluxe, 1946_Chrysler_Imperial C-40, 1946_Chrysler_New Yorker, 1946_Chrysler_Royal Series, 1946_Chrysler_Saratoga Series, 1946_Chrysler_Town & Country, 1946_Chrysler_Windsor Series, 1946_DeSoto_S-11, 1946_Dodge_Custom, 1946_Dodge_Deluxe, 1946_Dodge_WD15, 1946_Dodge_WD20, 1946_Dodge_WD21, 1946_Dodge_WDX, 1946_Plymouth_P15 Deluxe, 1946_Plymouth_P15 Special Deluxe, 1947_Chrysler_Imperial C-40, 1947_Chrysler_New Yorker, 1947_Chrysler_Royal Series, 1947_Chrysler_Saratoga Series, 1947_Chrysler_Town & Country, 1947_Chrysler_Windsor Series, 1947_Dodge_Custom, 1947_Dodge_Deluxe, 1947_Dodge_WD15, 1947_Dodge_WD20, 1947_Dodge_WD21, 1947_Dodge_WDX, 1947_Plymouth_P15 Deluxe, 1947_Plymouth_P15 Special Deluxe, 1948_Chrysler_Imperial C-40, 1948_Chrysler_New Yorker, 1948_Chrysler_Royal Series, 1948_Chrysler_Saratoga Series, 1948_Chrysler_Town & Country, 1948_Chrysler_Windsor Series, 1948_DeSoto_S-11, 1948_Dodge_B-1, 1948_Dodge_B-2, 1948_Dodge_Custom, 1948_Dodge_Deluxe, 1948_Dodge_Truck, 1948_Plymouth_P15 Deluxe, 1948_Plymouth_P15 Special Deluxe, 1949_Chrysler_Crown Imperial, 1949_Chrysler_Imperial_5.3L_4 Dr. Sedan_8, 1949_Chrysler_New Yorker, 1949_Chrysler_Royal Series, 1949_Chrysler_Saratoga Series, 1949_Chrysler_Town & Country, 1949_Chrysler_Windsor Series, 1949_DeSoto_S-13, 1949_Dodge_B-1, 1949_Dodge_Coronet, 1949_Dodge_Meadowbrook, 1949_Dodge_Truck, 1949_Dodge_Wayfarer, 1949_Dodge_WD15, 1949_Plymouth_Deluxe, 1949_Plymouth_Special Deluxe, 1949_Plymouth_Suburban, 1950_Chrysler_Imperial_5.3L_4 Dr. Sedan_8, 1950_Chrysler_New Yorker, 1950_Chrysler_Royal, 1950_Chrysler_Saratoga, 1950_Chrysler_Town & Country, 1950_Chrysler_Windsor, 1950_DeSoto_S-14, 1950_Dodge_B-1, 1950_Dodge_Coronet, 1950_Dodge_Meadowbrook, 1950_Dodge_Power Wagon, 1950_Dodge_Truck, 1950_Dodge_Wayfarer, 1950_Plymouth_Deluxe, 1950_Plymouth_Special Deluxe, 1950_Plymouth_Suburban, 1951_Chrysler_Imperial, 1951_Chrysler_New Yorker, 1951_Chrysler_Saratoga, 1951_Chrysler_Windsor, 1951_DeSoto_S-15, 1951_Dodge_B-3 Van, 1951_Dodge_Coronet, 1951_Dodge_Meadowbrook, 1951_Dodge_Power Wagon, 1951_Dodge_Truck, 1951_Dodge_Wayfarer, 1951_Plymouth_Cambridge, 1951_Plymouth_Concord, 1951_Plymouth_Cranbrook, 1951_Plymouth_Deluxe, 1951_Plymouth_Suburban, 1952_Chrysler_Imperial, 1952_Chrysler_New Yorker, 1952_Chrysler_Saratoga, 1952_Chrysler_Windsor, 1952_DeSoto_Firedome, 1952_DeSoto_S-15, 1952_Dodge_B-3 Van, 1952_Dodge_Coronet, 1952_Dodge_Meadowbrook, 1952_Dodge_Power Wagon, 1952_Dodge_Truck, 1952_Dodge_Wayfarer, 1952_Plymouth_Cambridge, 1952_Plymouth_Concord, 1952_Plymouth_Cranbrook, 1952_Plymouth_Suburban, 1953_Chrysler_Imperial, 1953_Chrysler_New Yorker, 1953_Chrysler_Windsor, 1953_DeSoto_Firedome, 1953_DeSoto_Powermaster, 1953_Dodge_B-4, 1953_Dodge_Coronet, 1953_Dodge_Meadowbrook, 1953_Dodge_Truck, 1953_Plymouth_Belvedere, 1953_Plymouth_Cambridge, 1953_Plymouth_Cranbrook, 1953_Plymouth_Savoy, 1953_Plymouth_Suburban, 1954_Chrysler_Imperial, 1954_Chrysler_New Yorker, 1954_Chrysler_Windsor, 1954_DeSoto_Firedome, 1954_DeSoto_Powermaster, 1954_Dodge_C-1, 1954_Dodge_C-3, 1954_Dodge_Coronet, 1954_Dodge_Meadowbrook, 1954_Dodge_Power Wagon, 1954_Dodge_Royal, 1954_Dodge_Truck, 1954_Plymouth_Belvedere, 1954_Plymouth_Plaza, 1954_Plymouth_Savoy, 1954_Plymouth_Suburban, 1955_Chrysler_300, 1955_Chrysler_Imperial, 1955_Chrysler_New Yorker, 1955_Chrysler_Windsor, 1955_DeSoto_Firedome, 1955_DeSoto_Fireflite, 1955_Dodge_C-1, 1955_Dodge_Coronet, 1955_Dodge_Custom, 1955_Dodge_Lancer, 1955_Dodge_Royal, 1955_Dodge_Truck, 1955_Plymouth_Belvedere, 1955_Plymouth_Plaza, 1955_Plymouth_Savoy, 1955_Plymouth_Suburban, 1956_Chrysler_300, 1956_Chrysler_Imperial, 1956_Chrysler_New Yorker, 1956_Chrysler_Windsor, 1956_DeSoto_Adventurer, 1956_DeSoto_Firedome, 1956_DeSoto_Fireflite, 1956_Dodge_Coronet, 1956_Dodge_Custom, 1956_Dodge_Lancer, 1956_Dodge_Royal, 1956_Dodge_Sierra, 1956_Dodge_Truck, 1956_Plymouth_Belvedere, 1956_Plymouth_Fury, 1956_Plymouth_Plaza, 1956_Plymouth_Savoy, 1956_Plymouth_Suburban, 1957_Chrysler_300, 1957_Chrysler_Imperial, 1957_Chrysler_New Yorker, 1957_Chrysler_Saratoga, 1957_Chrysler_Windsor, 1957_DeSoto_Adventurer, 1957_DeSoto_Firedome, 1957_DeSoto_Fireflite, 1957_DeSoto_Firesweep, 1957_Dodge_Coronet, 1957_Dodge_Custom, 1957_Dodge_D100 Pickup_3.8L_2 Dr. Standard Cab Pickup_6, 1957_Dodge_D100 Pickup_5.0L_2 Dr. Standard Cab Pickup_8, 1957_Dodge_D100 Pickup_5.1L_2 Dr. Standard Cab Pickup_8, 1957_Dodge_D200 Pickup_3.8L_2 Dr. Standard Cab Pickup_6, 1957_Dodge_D200 Pickup_5.1L_2 Dr. Standard Cab Pickup_8, 1957_Dodge_D300 Pickup, 1957_Dodge_P300 Series, 1957_Dodge_P400 Series, 1957_Dodge_Power Wagon, 1957_Dodge_Royal, 1957_Dodge_Sierra, 1957_Dodge_Suburban, 1957_Dodge_W100 Pickup_3.8L_2 Dr. Standard Cab Pickup_6, 1957_Dodge_W100 Pickup_5.1L_2 Dr. Standard Cab Pickup_8, 1957_Dodge_W200 Pickup_3.8L_2 Dr. Standard Cab Pickup_6, 1957_Dodge_W200 Pickup_5.1L_2 Dr. Standard Cab Pickup_8, 1957_Dodge_W300 Pickup_3.8L_2 Dr. Standard Cab Pickup_6, 1957_Dodge_W300 Pickup_5.1L_2 Dr. Standard Cab Pickup_8, 1957_Plymouth_Belvedere, 1957_Plymouth_Fury, 1957_Plymouth_Plaza, 1957_Plymouth_Savoy, 1957_Plymouth_Suburban, 1958_Chrysler_300, 1958_Chrysler_Imperial, 1958_Chrysler_New Yorker, 1958_Chrysler_Saratoga, 1958_Chrysler_Windsor, 1958_DeSoto_Adventurer, 1958_DeSoto_Firedome, 1958_DeSoto_Fireflite, 1958_DeSoto_Firesweep, 1958_Dodge_Coronet, 1958_Dodge_Custom, 1958_Dodge_D100 Pickup_3.8L_2 Dr. Standard Cab Pickup_6, 1958_Dodge_D100 Pickup_5.1L_2 Dr. Standard Cab Pickup_8, 1958_Dodge_D200 Pickup_3.8L_2 Dr. Standard Cab Pickup_6, 1958_Dodge_D200 Pickup_5.1L_2 Dr. Standard Cab Pickup_8, 1958_Dodge_D300 Pickup_3.8L_2 Dr. Standard Cab Pickup_6, 1958_Dodge_D300 Pickup_5.1L_2 Dr. Standard Cab Pickup_8, 1958_Dodge_P300 Series, 1958_Dodge_P310 Series, 1958_Dodge_P320 Series, 1958_Dodge_P410 Series, 1958_Dodge_P420 Series, 1958_Dodge_Power Wagon, 1958_Dodge_Royal, 1958_Dodge_Sierra, 1958_Dodge_Suburban, 1958_Dodge_W100 Pickup_3.8L_2 Dr. Standard Cab Pickup_6, 1958_Dodge_W200 Pickup_3.8L_2 Dr. Standard Cab Pickup_6, 1958_Dodge_W300 Pickup_3.8L_2 Dr. Standard Cab Pickup_6, 1958_Dodge_Wm300 Power Wagon, 1958_Plymouth_Belvedere, 1958_Plymouth_Custom, 1958_Plymouth_Fury, 1958_Plymouth_Plaza, 1958_Plymouth_Savoy, 1958_Plymouth_Suburban, 1959_Chrysler_300, 1959_Chrysler_Imperial, 1959_Chrysler_New Yorker, 1959_Chrysler_Saratoga, 1959_Chrysler_Windsor, 1959_DeSoto_Adventurer, 1959_DeSoto_Firedome, 1959_DeSoto_Fireflite, 1959_DeSoto_Firesweep, 1959_Dodge_Coronet, 1959_Dodge_Custom, 1959_Dodge_D100 Pickup_3.8L_2 Dr. Standard Cab Pickup_6, 1959_Dodge_D100 Pickup_5.1L_2 Dr. Standard Cab Pickup_8, 1959_Dodge_D100 Pickup_5.2L_2 Dr. Standard Cab Pickup_8, 1959_Dodge_D200 Pickup_3.8L_2 Dr. Standard Cab Pickup_6, 1959_Dodge_D200 Pickup_5.1L_2 Dr. Standard Cab Pickup_8, 1959_Dodge_D200 Pickup_5.2L_2 Dr. Standard Cab Pickup_8, 1959_Dodge_D300 Pickup_3.8L_2 Dr. Standard Cab Pickup_6, 1959_Dodge_D300 Pickup_5.1L_2 Dr. Standard Cab Pickup_8, 1959_Dodge_D300 Pickup_5.2L_2 Dr. Standard Cab Pickup_8, 1959_Dodge_P300 Series, 1959_Dodge_P310 Series, 1959_Dodge_P320 Series, 1959_Dodge_P410 Series, 1959_Dodge_P420 Series, 1959_Dodge_P450 Series, 1959_Dodge_Power Wagon, 1959_Dodge_Royal, 1959_Dodge_Sierra, 1959_Dodge_W100 Pickup_3.8L_2 Dr. Standard Cab Pickup_6, 1959_Dodge_W100 Pickup_5.2L_2 Dr. Standard Cab Pickup_8, 1959_Dodge_W200 Pickup_3.8L_2 Dr. Standard Cab Pickup_6, 1959_Dodge_W200 Pickup_5.2L_2 Dr. Standard Cab Pickup_8, 1959_Dodge_W300 Pickup_3.8L_2 Dr. Standard Cab Pickup_6, 1959_Dodge_W300 Pickup_4.1L_2 Dr. Standard Cab Pickup_6, 1959_Dodge_W300 Pickup_4.3L_2 Dr. Standard Cab Pickup_6, 1959_Dodge_W300 Pickup_5.2L_2 Dr. Standard Cab Pickup_8, 1959_Dodge_Wm300 Power Wagon, 1959_Plymouth_Belvedere, 1959_Plymouth_Custom, 1959_Plymouth_Fury, 1959_Plymouth_Savoy, 1959_Plymouth_Suburban, 1960_Chrysler_300, 1960_Chrysler_Imperial, 1960_Chrysler_New Yorker, 1960_Chrysler_Saratoga, 1960_Chrysler_Windsor, 1960_DeSoto_Adventurer, 1960_DeSoto_Fireflite, 1960_Dodge_D100 Series, 1960_Dodge_D200 Series, 1960_Dodge_D300 Series, 1960_Dodge_Dart, 1960_Dodge_Matador, 1960_Dodge_P300 Van, 1960_Dodge_Phoenix, 1960_Dodge_Pioneer, 1960_Dodge_Polara, 1960_Dodge_Seneca, 1960_Dodge_W100 Series, 1960_Dodge_W200 Series, 1960_Dodge_W300 Series, 1960_Dodge_Wm300 Power Wagon, 1960_Plymouth_Belvedere, 1960_Plymouth_Custom, 1960_Plymouth_Fleet Special, 1960_Plymouth_Fury, 1960_Plymouth_Savoy, 1960_Plymouth_Sport Wagon, 1960_Plymouth_Suburban, 1960_Plymouth_Valiant, 1961_Chrysler_300, 1961_Chrysler_Imperial, 1961_Chrysler_New Yorker, 1961_Chrysler_Newport, 1961_Chrysler_Windsor, 1961_DeSoto_Adventurer, 1961_Dodge_D100 Series, 1961_Dodge_D200 Series, 1961_Dodge_D300 Series, 1961_Dodge_Dart, 1961_Dodge_Lancer, 1961_Dodge_P100 Van, 1961_Dodge_P200, 1961_Dodge_P200 Van, 1961_Dodge_P300, 1961_Dodge_P300 Van, 1961_Dodge_Phoenix, 1961_Dodge_Pioneer, 1961_Dodge_Polara, 1961_Dodge_Seneca, 1961_Dodge_W100 Series, 1961_Dodge_W200 Series, 1961_Dodge_W300 Series, 1961_Dodge_Wm300 Power Wagon, 1961_Plymouth_Belvedere, 1961_Plymouth_Fury, 1961_Plymouth_Savoy, 1961_Plymouth_Suburban, 1962_Chrysler_300, 1962_Chrysler_Imperial, 1962_Chrysler_New Yorker, 1962_Chrysler_Newport, 1962_Dodge_880, 1962_Dodge_D100 Series, 1962_Dodge_D200 Series, 1962_Dodge_D300 Series, 1962_Dodge_Dart, 1962_Dodge_Lancer, 1962_Dodge_P100, 1962_Dodge_P100 Van, 1962_Dodge_P200, 1962_Dodge_P200 Van, 1962_Dodge_P300, 1962_Dodge_P300 Van, 1962_Dodge_Polara, 1962_Dodge_W100 Series, 1962_Dodge_W200 Series, 1962_Dodge_W300 Series, 1962_Dodge_Wm300 Power Wagon, 1962_Plymouth_Belvedere, 1962_Plymouth_Fury, 1962_Plymouth_Savoy, 1962_Plymouth_Valiant",3M0-08011 (super)  or 3m-08008,,8.39,17.00,,3M Brand Black Weatherstrip Adhesive,,,,Auto Body Tool Mart,,,,,,,,Weatherstrip Adhesive Black,,,,,REPLACE
14699,x,Weatherstripping,A-216,Molded Cowl Vent Gasket - High-Quality Reproduction of the Original,"1936_Chrysler_Airstream Deluxe Series C-8, 1936_Chrysler_Airstream Series C-7,  1937_Chrysler_Custom, 1937_Chrysler_Imperial, 1937_Chrysler_Imperial Custom, 1937_Chrysler_Royal, 1937_DeSoto_S-3, 1937_Dodge_Deluxe, 1937_Plymouth_P4, 1937_Plymouth_P3, 1938_Chrysler_C19, 1938_Chrysler_Imperial, 1938_Chrysler_Imperial Custom, 1938_Chrysler_New York Special, 1938_Chrysler_Royal, 1938_DeSoto_S-5, 1937_Dodge_Cars D-5 D-6 & D-7, 1938_Plymouth_P6, 1938_Plymouth_P5","1936_Chrysler_Airstream Deluxe Series C-8, 1936_Chrysler_Airstream Series C-7,  1937_Chrysler_Custom, 1937_Chrysler_Imperial, 1937_Chrysler_Imperial Custom, 1937_Chrysler_Royal, 1937_DeSoto_S-3, 1937_Dodge_Deluxe, 1937_Plymouth_Deluxe, 1937_Plymouth_Roadking, 1938_Chrysler_C19, 1938_Chrysler_Imperial, 1938_Chrysler_Imperial Custom, 1938_Chrysler_New York Special, 1938_Chrysler_Royal, 1938_DeSoto_S-5, 1937_Dodge_All Models, 1938_Plymouth_Deluxe, 1938_Plymouth_Roadking",40-0225-54,Always drop ship,48.85,73.50,,"Molded cowl rubber gasket. Beautiful reproduction of original Mopar number 742408.
 >NOTE: does not fit Airflow cars .",,,,Steele Rubber Products,,,,,,,,Cowl Vent Gasket,,,,,REPLACE
20880,,Engine,LV8-811,Head Gasket,"1951_Chrysler_Imperial, 1951_Chrysler_New Yorker, 1951_Chrysler_Saratoga, 1952_Chrysler_Imperial, 1952_Chrysler_New Yorker, 1952_Chrysler_Saratoga, 1953_Chrysler_Imperial, 1953_Chrysler_New Yorker, 1954_Chrysler_Imperial, 1954_Chrysler_New Yorker","1951_Chrysler_Imperial, 1951_Chrysler_New Yorker, 1951_Chrysler_Saratoga, 1952_Chrysler_Imperial, 1952_Chrysler_New Yorker, 1952_Chrysler_Saratoga, 1953_Chrysler_Imperial, 1953_Chrysler_New Yorker, 1954_Chrysler_Imperial, 1954_Chrysler_New Yorker",565G,,36.55,55.00,,"Head Gasket that fits:

1951-54 Chrysler V8 all

1951-54 Imperial all

Price is per head gasket, each engine uses two head gaskets.",,,,Best Gasket,,,,,,,,Head Gasket,,,,,REPLACE
20891,,Engine,LV8-816,Head Gasket,"1955_Plymouth_Belvedere, 1955_Plymouth_Plaza, 1955_Plymouth_Savoy, 1955_Plymouth_Suburban","1955_Plymouth_Belvedere, 1955_Plymouth_Plaza, 1955_Plymouth_Savoy, 1955_Plymouth_Suburban",629G,,32.30,48.50,,"Head gasket that fits:

1955 Plymouth V8 all

1955 Dodge car V8 all

Price is per head gasket. Each engine uses two head gaskets.",,,,Best Gasket,,,,,,,,Head Gasket,,,,,REPLACE
20893,,Engine,LV8-817,"Head Gasket, 277 301 303 313 318 326","1956_Dodge_Coronet, 1956_Dodge_Custom, 1956_Dodge_Lancer, 1956_Dodge_Royal, 1956_Dodge_Sierra, 1956_Plymouth_Belvedere, 1956_Plymouth_Fury, 1956_Plymouth_Plaza, 1956_Plymouth_Savoy, 1956_Plymouth_Suburban, 1957_DeSoto_Firesweep, 1957_Dodge_Coronet, 1957_Dodge_Custom Royal, 1957_Dodge_Royal, 1957_Dodge_Sierra, 1957_Dodge_Suburban, 1957_Plymouth_Belvedere, 1957_Plymouth_Fury, 1957_Plymouth_Plaza, 1957_Plymouth_Savoy, 1957_Plymouth_Suburban, 1958_Dodge_Coronet, 1958_Dodge_Custom Royal, 1958_Dodge_Royal, 1958_Dodge_Sierra, 1958_Dodge_Suburban, 1958_Plymouth_Belvedere, 1958_Plymouth_Custom, 1958_Plymouth_Fury, 1958_Plymouth_Plaza, 1958_Plymouth_Savoy, 1958_Plymouth_Suburban, 1959_Dodge_Coronet, 1959_Dodge_Custom Royal, 1959_Dodge_Royal, 1959_Dodge_Sierra, 1959_Plymouth_Belvedere, 1959_Plymouth_Custom, 1959_Plymouth_Fury, 1959_Plymouth_Savoy, 1959_Plymouth_Suburban, 1960_Dodge_Dart, 1960_Dodge_Matador, 1960_Dodge_Phoenix, 1960_Dodge_Pioneer, 1960_Dodge_Polara, 1960_Dodge_Seneca","1956_Dodge_Coronet, 1956_Dodge_Custom, 1956_Dodge_Lancer, 1956_Dodge_Royal, 1956_Dodge_Sierra, 1956_Plymouth_Belvedere, 1956_Plymouth_Fury, 1956_Plymouth_Plaza, 1956_Plymouth_Savoy, 1956_Plymouth_Suburban, 1957_DeSoto_Firesweep, 1957_Dodge_Coronet, 1957_Dodge_Custom, 1957_Dodge_Royal, 1957_Dodge_Sierra, 1957_Dodge_Suburban, 1957_Plymouth_Belvedere, 1957_Plymouth_Fury, 1957_Plymouth_Plaza, 1957_Plymouth_Savoy, 1957_Plymouth_Suburban, 1958_Dodge_Coronet, 1958_Dodge_Custom, 1958_Dodge_Royal, 1958_Dodge_Sierra, 1958_Dodge_Suburban, 1958_Plymouth_Belvedere, 1958_Plymouth_Custom, 1958_Plymouth_Fury, 1958_Plymouth_Plaza, 1958_Plymouth_Savoy, 1958_Plymouth_Suburban, 1959_Dodge_Coronet, 1959_Dodge_Custom, 1959_Dodge_Royal, 1959_Dodge_Sierra, 1959_Plymouth_Belvedere, 1959_Plymouth_Custom, 1959_Plymouth_Fury, 1959_Plymouth_Savoy, 1959_Plymouth_Suburban, 1960_Dodge_Dart, 1960_Dodge_Matador, 1960_Dodge_Phoenix, 1960_Dodge_Pioneer, 1960_Dodge_Polara, 1960_Dodge_Seneca",579G,,32.30,48.50,,"Head gasket that fits:

-1956 Plymouth 277 ONLY DOES NOT FIT 270

-1957-66 Plymouth cars with 301, 303, 313, 318, or 326 engines

-1956-58 Dodge cars, all with Poly V8 engines DOES NOT FIT HEMI

-1959-66 Dodge cars with 301, 303, 313, 318, or 326 engines

-1957 DeSoto FIRESWEEP ONLY

Price is per head gasket, each engine uses two head gaskets",,,,Best Gasket,,,,,,,,Head Gasket,,,,,REPLACE
20896,,Engine,LV8-818,"Head Gasket, SEE NOTE FOR APPLICATION","1956_Dodge_Coronet, 1956_Dodge_Custom, 1956_Dodge_Lancer, 1956_Dodge_Royal, 1956_Dodge_Sierra, 1956_Plymouth_Belvedere, 1956_Plymouth_Fury, 1956_Plymouth_Plaza, 1956_Plymouth_Savoy, 1956_Plymouth_Suburban, 1957_Dodge_Coronet, 1957_Dodge_Custom Royal, 1957_Dodge_Royal, 1957_Dodge_Sierra, 1957_Dodge_Suburban, 1958_Dodge_Coronet, 1958_Dodge_Custom Royal, 1958_Dodge_Royal, 1958_Dodge_Sierra, 1958_Dodge_Suburban","1956_Dodge_Coronet, 1956_Dodge_Custom, 1956_Dodge_Lancer, 1956_Dodge_Royal, 1956_Dodge_Sierra, 1956_Plymouth_Belvedere, 1956_Plymouth_Fury, 1956_Plymouth_Plaza, 1956_Plymouth_Savoy, 1956_Plymouth_Suburban, 1957_Dodge_Coronet, 1957_Dodge_Custom, 1957_Dodge_Royal, 1957_Dodge_Sierra, 1957_Dodge_Suburban, 1958_Dodge_Coronet, 1958_Dodge_Custom, 1958_Dodge_Royal, 1958_Dodge_Sierra, 1958_Dodge_Suburban",580G,,32.30,48.50,,"Head Gasket that fits:

-1956 Plymouth 270 ONLY. DOES NOT FIT 277

-1956-58 Dodge Hemi only

Price is per head gasket, each engine uses two head gaskets



",,,,Best Gasket,,,,,,,,Head Gasket,,,,,REPLACE
20898,,Engine,LV8-819,Head Gasket,"1955_Chrysler_Windsor, 1956_Chrysler_Windsor, 1957_Chrysler_Saratoga, 1957_Chrysler_Windsor, 1958_Chrysler_Saratoga, 1958_Chrysler_Windsor","1955_Chrysler_Windsor, 1956_Chrysler_Windsor, 1957_Chrysler_Saratoga, 1957_Chrysler_Windsor, 1958_Chrysler_Saratoga, 1958_Chrysler_Windsor",736SA,,37.40,56.50,,"Head gasket that fits:

-1955-57 Chrysler Windsor ONLY

-1958 Chrysler Windsor3852

-1958 Chrysler Saratoga

Price is per head gasket, each engine uses two head gaskets",,,,Best Gasket,,,,,,,,Head Gasket,,,,,REPLACE
18844,,Engine,LV8-820,Oil Pan Gasket Set,"1951_Chrysler_Imperial, 1951_Chrysler_New Yorker, 1951_Chrysler_Saratoga, 1952_Chrysler_Imperial, 1952_Chrysler_New Yorker, 1952_Chrysler_Saratoga, 1953_Chrysler_Imperial, 1953_Chrysler_New Yorker, 1954_Chrysler_Imperial, 1954_Chrysler_New Yorker","1951_Chrysler_Imperial, 1951_Chrysler_New Yorker, 1951_Chrysler_Saratoga, 1952_Chrysler_Imperial, 1952_Chrysler_New Yorker, 1952_Chrysler_Saratoga, 1953_Chrysler_Imperial, 1953_Chrysler_New Yorker, 1954_Chrysler_Imperial, 1954_Chrysler_New Yorker",22046E,,11.82,19.50,,"Oil pan gasket set that fits all 1951-54 Chrysler &amp; Imperial V8 models



Made in USA",,,,Best Gasket,,,,,,,,Oil Pan Gasket Set,,,,,REPLACE
18846,,Engine,LV8-821,Oil Pan Gasket Set,"1952_DeSoto_Firedome, 1953_DeSoto_Firedome, 1954_DeSoto_Firedome, 1955_DeSoto_Firedome, 1955_DeSoto_Fireflite, 1956_DeSoto_Adventurer, 1956_DeSoto_Firedome, 1956_DeSoto_Fireflite, 1957_DeSoto_Adventurer, 1957_DeSoto_Firedome, 1957_DeSoto_Fireflite","1952_DeSoto_Firedome, 1953_DeSoto_Firedome, 1954_DeSoto_Firedome, 1955_DeSoto_Firedome, 1955_DeSoto_Fireflite, 1956_DeSoto_Adventurer, 1956_DeSoto_Firedome, 1956_DeSoto_Fireflite, 1957_DeSoto_Adventurer, 1957_DeSoto_Firedome, 1957_DeSoto_Fireflite",21051,,14.79,24.50,,"Reproduction oil pan gasket set that fits all 1952-57 DeSoto, except 1957 Firesweep.

Made in USA",,,,Best Gasket,,,,,,,,Oil Pan Gasket Set,,,,,REPLACE
18848,,Engine,LV8-822,"Oil Pan Gasket Set, SEE NOTE","1953_Dodge_Coronet, 1953_Dodge_Meadowbrook, 1954_Dodge_Coronet, 1954_Dodge_Meadowbrook, 1954_Dodge_Royal, 1955_Dodge_Coronet, 1955_Dodge_Custom, 1955_Dodge_Lancer, 1955_Dodge_Royal, 1955_Plymouth_Belvedere, 1955_Plymouth_Plaza, 1955_Plymouth_Savoy, 1955_Plymouth_Suburban, 1956_Dodge_Coronet, 1956_Dodge_Custom, 1956_Dodge_Lancer, 1956_Dodge_Royal, 1956_Dodge_Sierra, 1956_Plymouth_Belvedere, 1956_Plymouth_Fury, 1956_Plymouth_Plaza, 1956_Plymouth_Savoy, 1956_Plymouth_Suburban, 1957_DeSoto_Adventurer, 1957_DeSoto_Firedome, 1957_DeSoto_Fireflite, 1957_DeSoto_Firesweep, 1957_Dodge_Coronet, 1957_Dodge_Custom Royal, 1957_Dodge_Royal, 1957_Dodge_Sierra, 1957_Dodge_Suburban, 1957_Plymouth_Belvedere, 1957_Plymouth_Fury, 1957_Plymouth_Plaza, 1957_Plymouth_Savoy, 1957_Plymouth_Suburban, 1958_DeSoto_Adventurer, 1958_DeSoto_Firedome, 1958_DeSoto_Fireflite, 1958_DeSoto_Firesweep, 1958_Dodge_Coronet, 1958_Dodge_Custom Royal, 1958_Dodge_Royal, 1958_Dodge_Sierra, 1958_Dodge_Suburban, 1958_Plymouth_Belvedere, 1958_Plymouth_Custom, 1958_Plymouth_Fury, 1958_Plymouth_Plaza, 1958_Plymouth_Savoy, 1958_Plymouth_Suburban","1953_Dodge_Coronet, 1953_Dodge_Meadowbrook, 1954_Dodge_Coronet, 1954_Dodge_Meadowbrook, 1954_Dodge_Royal, 1955_Dodge_Coronet, 1955_Dodge_Custom, 1955_Dodge_Lancer, 1955_Dodge_Royal, 1955_Plymouth_Belvedere, 1955_Plymouth_Plaza, 1955_Plymouth_Savoy, 1955_Plymouth_Suburban, 1956_Dodge_Coronet, 1956_Dodge_Custom, 1956_Dodge_Lancer, 1956_Dodge_Royal, 1956_Dodge_Sierra, 1956_Plymouth_Belvedere, 1956_Plymouth_Fury, 1956_Plymouth_Plaza, 1956_Plymouth_Savoy, 1956_Plymouth_Suburban, 1957_DeSoto_Adventurer, 1957_DeSoto_Firedome, 1957_DeSoto_Fireflite, 1957_DeSoto_Firesweep, 1957_Dodge_Coronet, 1957_Dodge_Custom, 1957_Dodge_Royal, 1957_Dodge_Sierra, 1957_Dodge_Suburban, 1957_Plymouth_Belvedere, 1957_Plymouth_Fury, 1957_Plymouth_Plaza, 1957_Plymouth_Savoy, 1957_Plymouth_Suburban, 1958_DeSoto_Adventurer, 1958_DeSoto_Firedome, 1958_DeSoto_Fireflite, 1958_DeSoto_Firesweep, 1958_Dodge_Coronet, 1958_Dodge_Custom, 1958_Dodge_Royal, 1958_Dodge_Sierra, 1958_Dodge_Suburban, 1958_Plymouth_Belvedere, 1958_Plymouth_Custom, 1958_Plymouth_Fury, 1958_Plymouth_Plaza, 1958_Plymouth_Savoy, 1958_Plymouth_Suburban",21010,,13.35,24.50,,"Reproduction oil pan gasket set that fits:

1956-1958 Dodge, Plymouth, Desoto

270, 315, 326 c.i.d Poly engines

",,,,Best Gasket,,,,,,,,Oil Pan Gasket Set,,,,,REPLACE
18850,,Engine,LV8-823,Oil Pan Gasket Set,"1955_Chrysler_300, 1955_Chrysler_Imperial, 1955_Chrysler_New Yorker, 1955_Chrysler_Windsor, 1956_Chrysler_300, 1956_Chrysler_Imperial, 1956_Chrysler_New Yorker, 1956_Chrysler_Windsor, 1957_Chrysler_300, 1957_Chrysler_Imperial, 1957_Chrysler_New Yorker, 1957_Chrysler_Saratoga, 1957_Chrysler_Windsor, 1958_Chrysler_300, 1958_Chrysler_Imperial, 1958_Chrysler_New Yorker, 1958_Chrysler_Saratoga, 1958_Chrysler_Windsor","1955_Chrysler_300, 1955_Chrysler_Imperial, 1955_Chrysler_New Yorker, 1955_Chrysler_Windsor, 1956_Chrysler_300, 1956_Chrysler_Imperial, 1956_Chrysler_New Yorker, 1956_Chrysler_Windsor, 1957_Chrysler_300, 1957_Chrysler_Imperial, 1957_Chrysler_New Yorker, 1957_Chrysler_Saratoga, 1957_Chrysler_Windsor, 1958_Chrysler_300, 1958_Chrysler_Imperial, 1958_Chrysler_New Yorker, 1958_Chrysler_Saratoga, 1958_Chrysler_Windsor",22047E,,10.37,19.50,,"Oil pan gasket set that fits

-1955-58 Chrysler all models

-1955-58 Imperial all models

Made in USA",,,,Best Gasket,,,,,,,,Oil Pan Gasket Set,,,,,REPLACE
18852,,Engine,LV8-824,"Oil Pan Gasket Set, SEE NOTE","1956_Dodge_Coronet, 1956_Dodge_Custom, 1956_Dodge_Lancer, 1956_Dodge_Royal, 1956_Dodge_Sierra, 1956_Plymouth_Belvedere, 1956_Plymouth_Fury, 1956_Plymouth_Plaza, 1956_Plymouth_Savoy, 1956_Plymouth_Suburban, 1957_DeSoto_Firesweep, 1957_Dodge_Coronet, 1957_Dodge_Custom Royal, 1957_Dodge_Royal, 1957_Dodge_Sierra, 1957_Dodge_Suburban, 1957_Plymouth_Belvedere, 1957_Plymouth_Fury, 1957_Plymouth_Plaza, 1957_Plymouth_Savoy, 1957_Plymouth_Suburban, 1958_Plymouth_Belvedere, 1958_Plymouth_Custom, 1958_Plymouth_Fury, 1958_Plymouth_Plaza, 1958_Plymouth_Savoy, 1958_Plymouth_Suburban","1956_Dodge_Coronet, 1956_Dodge_Custom, 1956_Dodge_Lancer, 1956_Dodge_Royal, 1956_Dodge_Sierra, 1956_Plymouth_Belvedere, 1956_Plymouth_Fury, 1956_Plymouth_Plaza, 1956_Plymouth_Savoy, 1956_Plymouth_Suburban, 1957_DeSoto_Firesweep, 1957_Dodge_Coronet, 1957_Dodge_Custom, 1957_Dodge_Royal, 1957_Dodge_Sierra, 1957_Dodge_Suburban, 1957_Plymouth_Belvedere, 1957_Plymouth_Fury, 1957_Plymouth_Plaza, 1957_Plymouth_Savoy, 1957_Plymouth_Suburban, 1958_Plymouth_Belvedere, 1958_Plymouth_Custom, 1958_Plymouth_Fury, 1958_Plymouth_Plaza, 1958_Plymouth_Savoy, 1958_Plymouth_Suburban",22023,,8.93,19.50,,"Oil pan gasket set that fits:

-1956 Plymouth 277 V8 ONLY...DOES NOT FIT 270

-1957-58 Plymouth V8 all, except 1958 Fury equipped with 350 engine

-1956-58 Dodge cars V8 Poly Engines only, DOES NOT FIT HEMI ENGINES

-1957 DeSoto Firesweep only",,,,Best Gasket,,,,,,,,Oil Pan Gasket Set,,,,,REPLACE
18855,,Engine,LV8-825,"Oil Pan Gasket Set, SEE NOTE","1959_Dodge_Coronet, 1959_Dodge_Custom Royal, 1959_Dodge_Royal, 1959_Dodge_Sierra, 1959_Plymouth_Belvedere, 1959_Plymouth_Custom, 1959_Plymouth_Fury, 1959_Plymouth_Savoy, 1959_Plymouth_Suburban, 1960_Dodge_Dart, 1960_Dodge_Matador, 1960_Dodge_Phoenix, 1960_Dodge_Pioneer, 1960_Dodge_Polara, 1960_Dodge_Seneca, 1960_Plymouth_Belvedere, 1960_Plymouth_Custom, 1960_Plymouth_Fleet Special, 1960_Plymouth_Fury, 1960_Plymouth_Savoy, 1960_Plymouth_Sport Wagon, 1960_Plymouth_Suburban, 1961_Dodge_Dart, 1961_Dodge_Phoenix, 1961_Dodge_Pioneer, 1961_Dodge_Polara, 1961_Dodge_Seneca, 1962_Dodge_Custom 880, 1962_Dodge_Dart, 1962_Dodge_Lancer, 1962_Dodge_Polara, 1962_Plymouth_Belvedere, 1962_Plymouth_Fury, 1962_Plymouth_Savoy, 1963_Dodge_330, 1963_Dodge_440, 1963_Dodge_880, 1963_Dodge_Polara, 1963_Plymouth_Belvedere, 1963_Plymouth_Fury, 1963_Plymouth_Savoy, 1964_Dodge_330, 1964_Dodge_440, 1964_Dodge_880, 1964_Dodge_Polara, 1964_Plymouth_Belvedere, 1964_Plymouth_Fury, 1964_Plymouth_Savoy, 1965_Dodge_880, 1965_Dodge_Coronet, 1965_Dodge_Monaco, 1965_Dodge_Polara, 1965_Plymouth_Belvedere, 1965_Plymouth_Belvedere II, 1965_Plymouth_Fury, 1965_Plymouth_Fury II, 1965_Plymouth_Fury III, 1965_Plymouth_Satellite, 1966_Dodge_Charger, 1966_Dodge_Coronet, 1966_Dodge_Monaco, 1966_Dodge_Polara, 1966_Plymouth_Belvedere, 1966_Plymouth_Belvedere II, 1966_Plymouth_Fury, 1966_Plymouth_Fury II, 1966_Plymouth_Fury III, 1966_Plymouth_Satellite","1959_Dodge_Coronet, 1959_Dodge_Custom, 1959_Dodge_Royal, 1959_Dodge_Sierra, 1959_Plymouth_Belvedere, 1959_Plymouth_Custom, 1959_Plymouth_Fury, 1959_Plymouth_Savoy, 1959_Plymouth_Suburban, 1960_Dodge_Dart, 1960_Dodge_Matador, 1960_Dodge_Phoenix, 1960_Dodge_Pioneer, 1960_Dodge_Polara, 1960_Dodge_Seneca, 1960_Plymouth_Belvedere, 1960_Plymouth_Custom, 1960_Plymouth_Fleet Special, 1960_Plymouth_Fury, 1960_Plymouth_Savoy, 1960_Plymouth_Sport Wagon, 1960_Plymouth_Suburban, 1961_Dodge_Dart, 1961_Dodge_Phoenix, 1961_Dodge_Pioneer, 1961_Dodge_Polara, 1961_Dodge_Seneca, 1962_Dodge_880, 1962_Dodge_Dart, 1962_Dodge_Lancer, 1962_Dodge_Polara, 1962_Plymouth_Belvedere, 1962_Plymouth_Fury, 1962_Plymouth_Savoy, 1963_Dodge_330, 1963_Dodge_440, 1963_Dodge_880, 1963_Dodge_Polara, 1963_Plymouth_Belvedere, 1963_Plymouth_Fury, 1963_Plymouth_Savoy, 1964_Dodge_330, 1964_Dodge_440, 1964_Dodge_880, 1964_Dodge_Polara, 1964_Plymouth_Belvedere, 1964_Plymouth_Fury, 1964_Plymouth_Savoy, 1965_Dodge_880, 1965_Dodge_Coronet, 1965_Dodge_Monaco, 1965_Dodge_Polara, 1965_Plymouth_Belvedere, 1965_Plymouth_Belvedere II, 1965_Plymouth_Fury, 1965_Plymouth_Fury II, 1965_Plymouth_Fury III, 1965_Plymouth_Satellite, 1966_Dodge_Charger, 1966_Dodge_Coronet, 1966_Dodge_Monaco, 1966_Dodge_Polara, 1966_Plymouth_Belvedere, 1966_Plymouth_Belvedere II, 1966_Plymouth_Fury, 1966_Plymouth_Fury II, 1966_Plymouth_Fury III, 1966_Plymouth_Satellite",22023Y,,10.37,19.50,,"Oil pan gasket set that fits:

-1959-66 Plymouth &amp; Dodge cars equipped with 301, 303, 313, 318, or 326 cui V8 engines

DOES NOT FIT ANY BIG BLOCK OR 273 SMALL BLOCK ENGINES",,,,Best Gasket,,,,,,,,Oil Pan Gasket Set,,,,,REPLACE
18860,,Engine,LV8-826,Valve Cover Gasket Set,"1951_Chrysler_Imperial, 1951_Chrysler_New Yorker, 1951_Chrysler_Saratoga, 1952_Chrysler_Imperial, 1952_Chrysler_New Yorker, 1952_Chrysler_Saratoga, 1953_Chrysler_Imperial, 1953_Chrysler_New Yorker, 1954_Chrysler_Imperial, 1954_Chrysler_New Yorker, 1955_Chrysler_300, 1955_Chrysler_Imperial, 1955_Chrysler_New Yorker, 1956_Chrysler_300, 1956_Chrysler_Imperial, 1956_Chrysler_New Yorker, 1957_Chrysler_300, 1957_Chrysler_Imperial, 1957_Chrysler_New Yorker, 1958_Chrysler_300, 1958_Chrysler_Imperial, 1958_Chrysler_New Yorker","1951_Chrysler_Imperial, 1951_Chrysler_New Yorker, 1951_Chrysler_Saratoga, 1952_Chrysler_Imperial, 1952_Chrysler_New Yorker, 1952_Chrysler_Saratoga, 1953_Chrysler_Imperial, 1953_Chrysler_New Yorker, 1954_Chrysler_Imperial, 1954_Chrysler_New Yorker, 1955_Chrysler_300, 1955_Chrysler_Imperial, 1955_Chrysler_New Yorker, 1956_Chrysler_300, 1956_Chrysler_Imperial, 1956_Chrysler_New Yorker, 1957_Chrysler_300, 1957_Chrysler_Imperial, 1957_Chrysler_New Yorker, 1958_Chrysler_300, 1958_Chrysler_Imperial, 1958_Chrysler_New Yorker",20070E,,14.03,24.50,,"Valve cover gasket set that fits

-1951-54 Chrysler all V8 models

-1955-58 Chrysler New Yorker &amp; 300 models

-1951-58 Imperial all models

Made in USA",,,,Best Gasket,,,,,,,,Valve Cover Gasket Set,,,,,REPLACE
18862,,Engine,LV8-827,Valve Cover Gasket Set,"1952_DeSoto_Firedome, 1953_DeSoto_Firedome, 1954_DeSoto_Firedome, 1955_DeSoto_Firedome, 1955_DeSoto_Fireflite, 1956_DeSoto_Adventurer, 1956_DeSoto_Firedome, 1956_DeSoto_Fireflite, 1957_DeSoto_Adventurer, 1957_DeSoto_Firedome, 1957_DeSoto_Fireflite","1952_DeSoto_Firedome, 1953_DeSoto_Firedome, 1954_DeSoto_Firedome, 1955_DeSoto_Firedome, 1955_DeSoto_Fireflite, 1956_DeSoto_Adventurer, 1956_DeSoto_Firedome, 1956_DeSoto_Fireflite, 1957_DeSoto_Adventurer, 1957_DeSoto_Firedome, 1957_DeSoto_Fireflite",19084E,,16.24,24.50,,"Valve cover gasket that fits

-1952-57 DeSoto all V8 models, except 1957 Firesweep",,,,Best Gasket,,,,,,,,Valve Cover Gasket Set,,,,,REPLACE
19051,,Engine,LV8-828,Valve Cover Gasket Set,"1953_Dodge_Coronet, 1953_Dodge_Meadowbrook, 1954_Dodge_Coronet, 1954_Dodge_Meadowbrook, 1954_Dodge_Royal, 1955_Dodge_Coronet, 1955_Dodge_Custom, 1955_Dodge_Lancer, 1955_Dodge_Royal, 1956_Dodge_Coronet, 1956_Dodge_Custom, 1956_Dodge_Lancer, 1956_Dodge_Royal, 1956_Dodge_Sierra, 1957_Dodge_Coronet, 1957_Dodge_Custom Royal, 1957_Dodge_Royal, 1957_Dodge_Sierra, 1957_Dodge_Suburban, 1958_Dodge_Coronet, 1958_Dodge_Custom Royal, 1958_Dodge_Royal, 1958_Dodge_Sierra, 1958_Dodge_Suburban","1953_Dodge_Coronet, 1953_Dodge_Meadowbrook, 1954_Dodge_Coronet, 1954_Dodge_Meadowbrook, 1954_Dodge_Royal, 1955_Dodge_Coronet, 1955_Dodge_Custom, 1955_Dodge_Lancer, 1955_Dodge_Royal, 1956_Dodge_Coronet, 1956_Dodge_Custom, 1956_Dodge_Lancer, 1956_Dodge_Royal, 1956_Dodge_Sierra, 1957_Dodge_Coronet, 1957_Dodge_Custom, 1957_Dodge_Royal, 1957_Dodge_Sierra, 1957_Dodge_Suburban, 1958_Dodge_Coronet, 1958_Dodge_Custom, 1958_Dodge_Royal, 1958_Dodge_Sierra, 1958_Dodge_Suburban",19021E,,13.35,24.50,,"Valve cover gasket set that fits:

-1953-54 Dodge cars V8 all

-1955-58 Dodge cars V8, all equipped with Hemi. DOES NOT FIT POLY ENGINE

Made in USA",,,,Best Gasket,,,,,,,,Valve Cover Gasket Set,,,,,REPLACE
19053,,Engine,LV8-829,"Valve Cover Gasket Set, 241 260 270 315 325 CUI","1955_Dodge_Coronet, 1955_Dodge_Custom, 1955_Dodge_Lancer, 1955_Dodge_Royal, 1955_Plymouth_Belvedere, 1955_Plymouth_Plaza, 1955_Plymouth_Savoy, 1955_Plymouth_Suburban, 1956_Dodge_Coronet, 1956_Dodge_Custom, 1956_Dodge_Lancer, 1956_Dodge_Royal, 1956_Dodge_Sierra, 1956_Plymouth_Belvedere, 1956_Plymouth_Fury, 1956_Plymouth_Plaza, 1956_Plymouth_Savoy, 1956_Plymouth_Suburban, 1957_Dodge_Coronet, 1957_Dodge_Custom Royal, 1957_Dodge_Royal, 1957_Dodge_Sierra, 1957_Dodge_Suburban, 1958_Dodge_Coronet, 1958_Dodge_Custom Royal, 1958_Dodge_Royal, 1958_Dodge_Sierra, 1958_Dodge_Suburban","1955_Dodge_Coronet, 1955_Dodge_Custom, 1955_Dodge_Lancer, 1955_Dodge_Royal, 1955_Plymouth_Belvedere, 1955_Plymouth_Plaza, 1955_Plymouth_Savoy, 1955_Plymouth_Suburban, 1956_Dodge_Coronet, 1956_Dodge_Custom, 1956_Dodge_Lancer, 1956_Dodge_Royal, 1956_Dodge_Sierra, 1956_Plymouth_Belvedere, 1956_Plymouth_Fury, 1956_Plymouth_Plaza, 1956_Plymouth_Savoy, 1956_Plymouth_Suburban, 1957_Dodge_Coronet, 1957_Dodge_Custom, 1957_Dodge_Royal, 1957_Dodge_Sierra, 1957_Dodge_Suburban, 1958_Dodge_Coronet, 1958_Dodge_Custom, 1958_Dodge_Royal, 1958_Dodge_Sierra, 1958_Dodge_Suburban",18012E,,14.79,24.50,,"Valve cover gasket set that fits:

-1955 Plymouth V8 all

-1955 Dodge cars Poly V8 only, DOES NOT FIT HEMI ENGINE

-1956 Plymouth 270 V8 only, DOES NOT FIT 277 V8

-1957-58 Dodge cars Poly V8, DOES NOT FIT HEMI

Made in USA",,,,Best Gasket,,,,,,,,Valve Cover Gasket Set,,,,,REPLACE
19055,,Engine,LV8-830,"Valve Cover Gasket Set, 277-301-303-313-318-326","1954_DeSoto_Firedome, 1956_Plymouth_Belvedere, 1956_Plymouth_Fury, 1956_Plymouth_Plaza, 1956_Plymouth_Savoy, 1956_Plymouth_Suburban, 1957_Plymouth_Belvedere, 1957_Plymouth_Fury, 1957_Plymouth_Plaza, 1957_Plymouth_Savoy, 1957_Plymouth_Suburban, 1959_Dodge_Coronet, 1959_Dodge_Custom Royal, 1959_Dodge_Royal, 1959_Dodge_Sierra, 1959_Plymouth_Belvedere, 1959_Plymouth_Custom, 1959_Plymouth_Fury, 1959_Plymouth_Savoy, 1959_Plymouth_Suburban, 1960_Dodge_Dart, 1960_Dodge_Matador, 1960_Dodge_Phoenix, 1960_Dodge_Pioneer, 1960_Dodge_Polara, 1960_Dodge_Seneca, 1960_Plymouth_Belvedere, 1960_Plymouth_Custom, 1960_Plymouth_Fleet Special, 1960_Plymouth_Fury, 1960_Plymouth_Savoy, 1960_Plymouth_Sport Wagon, 1960_Plymouth_Suburban, 1961_Dodge_Dart, 1961_Dodge_Phoenix, 1961_Dodge_Pioneer, 1961_Dodge_Polara, 1961_Dodge_Seneca, 1961_Plymouth_Belvedere, 1961_Plymouth_Fury, 1961_Plymouth_Savoy, 1961_Plymouth_Suburban, 1962_Dodge_Dart, 1962_Dodge_Polara, 1962_Plymouth_Belvedere, 1962_Plymouth_Fury, 1962_Plymouth_Savoy, 1963_Dodge_330, 1963_Dodge_440, 1963_Dodge_Polara, 1963_Plymouth_Belvedere, 1963_Plymouth_Fury, 1963_Plymouth_Savoy, 1964_Dodge_330, 1964_Dodge_440, 1964_Dodge_Polara, 1964_Plymouth_Belvedere, 1964_Plymouth_Fury, 1964_Plymouth_Savoy, 1965_Dodge_880, 1965_Dodge_Coronet, 1965_Dodge_Monaco, 1965_Dodge_Polara, 1965_Plymouth_Belvedere, 1965_Plymouth_Belvedere II, 1965_Plymouth_Fury, 1965_Plymouth_Fury II, 1965_Plymouth_Fury III, 1965_Plymouth_Satellite, 1966_Dodge_Charger, 1966_Dodge_Coronet, 1966_Dodge_Monaco, 1966_Dodge_Polara, 1966_Plymouth_Belvedere, 1966_Plymouth_Belvedere II, 1966_Plymouth_Fury, 1966_Plymouth_Fury II, 1966_Plymouth_Fury III, 1966_Plymouth_Satellite","1954_DeSoto_Firedome, 1956_Plymouth_Belvedere, 1956_Plymouth_Fury, 1956_Plymouth_Plaza, 1956_Plymouth_Savoy, 1956_Plymouth_Suburban, 1957_Plymouth_Belvedere, 1957_Plymouth_Fury, 1957_Plymouth_Plaza, 1957_Plymouth_Savoy, 1957_Plymouth_Suburban, 1959_Dodge_Coronet, 1959_Dodge_Custom, 1959_Dodge_Royal, 1959_Dodge_Sierra, 1959_Plymouth_Belvedere, 1959_Plymouth_Custom, 1959_Plymouth_Fury, 1959_Plymouth_Savoy, 1959_Plymouth_Suburban, 1960_Dodge_Dart, 1960_Dodge_Matador, 1960_Dodge_Phoenix, 1960_Dodge_Pioneer, 1960_Dodge_Polara, 1960_Dodge_Seneca, 1960_Plymouth_Belvedere, 1960_Plymouth_Custom, 1960_Plymouth_Fleet Special, 1960_Plymouth_Fury, 1960_Plymouth_Savoy, 1960_Plymouth_Sport Wagon, 1960_Plymouth_Suburban, 1961_Dodge_Dart, 1961_Dodge_Phoenix, 1961_Dodge_Pioneer, 1961_Dodge_Polara, 1961_Dodge_Seneca, 1961_Plymouth_Belvedere, 1961_Plymouth_Fury, 1961_Plymouth_Savoy, 1961_Plymouth_Suburban, 1962_Dodge_Dart, 1962_Dodge_Polara, 1962_Plymouth_Belvedere, 1962_Plymouth_Fury, 1962_Plymouth_Savoy, 1963_Dodge_330, 1963_Dodge_440, 1963_Dodge_Polara, 1963_Plymouth_Belvedere, 1963_Plymouth_Fury, 1963_Plymouth_Savoy, 1964_Dodge_330, 1964_Dodge_440, 1964_Dodge_Polara, 1964_Plymouth_Belvedere, 1964_Plymouth_Fury, 1964_Plymouth_Savoy, 1965_Dodge_880, 1965_Dodge_Coronet, 1965_Dodge_Monaco, 1965_Dodge_Polara, 1965_Plymouth_Belvedere, 1965_Plymouth_Belvedere II, 1965_Plymouth_Fury, 1965_Plymouth_Fury II, 1965_Plymouth_Fury III, 1965_Plymouth_Satellite, 1966_Dodge_Charger, 1966_Dodge_Coronet, 1966_Dodge_Monaco, 1966_Dodge_Polara, 1966_Plymouth_Belvedere, 1966_Plymouth_Belvedere II, 1966_Plymouth_Fury, 1966_Plymouth_Fury II, 1966_Plymouth_Fury III, 1966_Plymouth_Satellite",20018E,,13.35,24.50,,"Valve cover gasket set that fits:

-1956 Plymouth 277 only, DOES NOT FIT 270

-1957-58 Plymouth all, except 1958 Fury with 350 engine

-1959-1966 Plymouth and Dodge cars with 318 all

-1959 Dodge Coronet with 326

",,,,Best Gasket,,,,,,,,Valve Cover Gasket Set,,,,,REPLACE
19059,,Engine,LV8-833,Valve Cover Gasket Set,"1955_Chrysler_Windsor, 1956_Chrysler_Windsor, 1957_Chrysler_Saratoga, 1957_Chrysler_Windsor, 1958_Chrysler_Saratoga","1955_Chrysler_Windsor, 1956_Chrysler_Windsor, 1957_Chrysler_Saratoga, 1957_Chrysler_Windsor, 1958_Chrysler_Saratoga",20071E,,16.24,24.50,,"For sale is a valve cover gasket set that fits:

-1955-58 Chrysler Windsor all

-1957-58 Chrysler Saratoga

Made in USA",,,,Best Gasket,,,,,,,,Valve Cover Gasket Set,,,,,REPLACE
19065,,Engine,LV8-834,Valley Cover Gasket Set,"1951_Chrysler_Imperial, 1951_Chrysler_New Yorker, 1951_Chrysler_Saratoga, 1952_Chrysler_Imperial, 1952_Chrysler_New Yorker, 1952_Chrysler_Saratoga, 1953_Chrysler_Imperial, 1953_Chrysler_New Yorker, 1954_Chrysler_Imperial, 1954_Chrysler_New Yorker","1951_Chrysler_Imperial, 1951_Chrysler_New Yorker, 1951_Chrysler_Saratoga, 1952_Chrysler_Imperial, 1952_Chrysler_New Yorker, 1952_Chrysler_Saratoga, 1953_Chrysler_Imperial, 1953_Chrysler_New Yorker, 1954_Chrysler_Imperial, 1954_Chrysler_New Yorker",18089E,,11.82,18.50,,"Push rod cover or valley cover gasket set. Comes with both gaskets. Fits

-1951-54 Chrysler V8 models

-1951-54 Imperial all models

Made in USA",,,,Best Gasket,,,,,,,,Valley Cover Gasket Set,,,,,REPLACE
19067,,Engine,LV8-835,Valley Cover Gasket Set,"1952_DeSoto_Firedome, 1953_DeSoto_Firedome, 1954_DeSoto_Firedome, 1955_DeSoto_Firedome, 1955_DeSoto_Fireflite, 1956_DeSoto_Adventurer, 1956_DeSoto_Firedome, 1956_DeSoto_Fireflite, 1957_DeSoto_Adventurer, 1957_DeSoto_Firedome, 1957_DeSoto_Fireflite","1952_DeSoto_Firedome, 1953_DeSoto_Firedome, 1954_DeSoto_Firedome, 1955_DeSoto_Firedome, 1955_DeSoto_Fireflite, 1956_DeSoto_Adventurer, 1956_DeSoto_Firedome, 1956_DeSoto_Fireflite, 1957_DeSoto_Adventurer, 1957_DeSoto_Firedome, 1957_DeSoto_Fireflite",18091E,,11.82,18.50,,"Push rod or valley pan cover gasket set. Comes with both gaskets. Fits:

-1952-57 DeSoto all V8 models EXCEPT 1957 Firesweep

Made in USA",,,,Best Gasket,,,,,,,,Valley Cover Gasket Set,,,,,REPLACE
19070,,Engine,LV8-836,Valley Cover Gasket,"1955_Dodge_Coronet, 1955_Dodge_Custom, 1955_Dodge_Lancer, 1955_Dodge_Royal, 1955_Plymouth_Belvedere, 1955_Plymouth_Plaza, 1955_Plymouth_Savoy, 1955_Plymouth_Suburban, 1956_Dodge_Coronet, 1956_Dodge_Custom, 1956_Dodge_Lancer, 1956_Dodge_Royal, 1956_Dodge_Sierra, 1956_Plymouth_Belvedere, 1956_Plymouth_Fury, 1956_Plymouth_Plaza, 1956_Plymouth_Savoy, 1956_Plymouth_Suburban, 1957_DeSoto_Firesweep, 1957_Dodge_Coronet, 1957_Dodge_Custom Royal, 1957_Dodge_Royal, 1957_Dodge_Sierra, 1957_Dodge_Suburban, 1958_Dodge_Coronet, 1958_Dodge_Custom Royal, 1958_Dodge_Royal, 1958_Dodge_Sierra, 1958_Dodge_Suburban","1955_Dodge_Coronet, 1955_Dodge_Custom, 1955_Dodge_Lancer, 1955_Dodge_Royal, 1955_Plymouth_Belvedere, 1955_Plymouth_Plaza, 1955_Plymouth_Savoy, 1955_Plymouth_Suburban, 1956_Dodge_Coronet, 1956_Dodge_Custom, 1956_Dodge_Lancer, 1956_Dodge_Royal, 1956_Dodge_Sierra, 1956_Plymouth_Belvedere, 1956_Plymouth_Fury, 1956_Plymouth_Plaza, 1956_Plymouth_Savoy, 1956_Plymouth_Suburban, 1957_DeSoto_Firesweep, 1957_Dodge_Coronet, 1957_Dodge_Custom, 1957_Dodge_Royal, 1957_Dodge_Sierra, 1957_Dodge_Suburban, 1958_Dodge_Coronet, 1958_Dodge_Custom, 1958_Dodge_Royal, 1958_Dodge_Sierra, 1958_Dodge_Suburban",16017E,,8.93,14.50,,"Push rod or valley pan cover gasket that fits:

-1955 Plymouth all V8

-1956 Plymouth 270 only, DOES NOT FIT 277

-1953-58 Dodge cars all V8

-1957 DeSoto Firesweep only, DOES NOT FIT OTHER DESOTO MODELS

Made in USA

",,,,Best Gasket,,,,,,,,Valley Cover Gasket,,,,,REPLACE
19072,,Engine,LV8-837,Valley Cover Gasket,"1955_Chrysler_300, 1955_Chrysler_Imperial, 1955_Chrysler_New Yorker, 1955_Chrysler_Windsor, 1956_Chrysler_300, 1956_Chrysler_Imperial, 1956_Chrysler_New Yorker, 1956_Chrysler_Windsor, 1957_Chrysler_300, 1957_Chrysler_Imperial, 1957_Chrysler_New Yorker, 1957_Chrysler_Saratoga, 1957_Chrysler_Windsor, 1958_Chrysler_300, 1958_Chrysler_Imperial, 1958_Chrysler_New Yorker, 1958_Chrysler_Saratoga, 1958_Chrysler_Windsor","1955_Chrysler_300, 1955_Chrysler_Imperial, 1955_Chrysler_New Yorker, 1955_Chrysler_Windsor, 1956_Chrysler_300, 1956_Chrysler_Imperial, 1956_Chrysler_New Yorker, 1956_Chrysler_Windsor, 1957_Chrysler_300, 1957_Chrysler_Imperial, 1957_Chrysler_New Yorker, 1957_Chrysler_Saratoga, 1957_Chrysler_Windsor, 1958_Chrysler_300, 1958_Chrysler_Imperial, 1958_Chrysler_New Yorker, 1958_Chrysler_Saratoga, 1958_Chrysler_Windsor",18089EX,,8.16,14.50,,"For sale is a push rod cover or valley pan cover gasket that fits:

-1955-58 Chrysler all models

-1955-58 Imperial all models

Made in USA",,,,Best Gasket,,,,,,,,Valley Cover Gasket,,,,,REPLACE
19130,,Engine,LV8-839,Intake Manifold Gasket Set,"1951_Chrysler_Imperial, 1951_Chrysler_New Yorker, 1951_Chrysler_Saratoga, 1952_Chrysler_Imperial, 1952_Chrysler_New Yorker, 1952_Chrysler_Saratoga, 1953_Chrysler_Imperial, 1953_Chrysler_New Yorker, 1954_Chrysler_Imperial, 1954_Chrysler_New Yorker, 1955_Chrysler_300, 1955_Chrysler_Imperial, 1955_Chrysler_New Yorker, 1955_Chrysler_Windsor, 1956_Chrysler_300, 1956_Chrysler_Imperial, 1956_Chrysler_New Yorker, 1956_Chrysler_Windsor, 1957_Chrysler_300, 1957_Chrysler_Imperial, 1957_Chrysler_New Yorker, 1957_Chrysler_Saratoga, 1957_Chrysler_Windsor, 1958_Chrysler_300, 1958_Chrysler_Imperial, 1958_Chrysler_Saratoga, 1958_Chrysler_Windsor","1951_Chrysler_Imperial, 1951_Chrysler_New Yorker, 1951_Chrysler_Saratoga, 1952_Chrysler_Imperial, 1952_Chrysler_New Yorker, 1952_Chrysler_Saratoga, 1953_Chrysler_Imperial, 1953_Chrysler_New Yorker, 1954_Chrysler_Imperial, 1954_Chrysler_New Yorker, 1955_Chrysler_300, 1955_Chrysler_Imperial, 1955_Chrysler_New Yorker, 1955_Chrysler_Windsor, 1956_Chrysler_300, 1956_Chrysler_Imperial, 1956_Chrysler_New Yorker, 1956_Chrysler_Windsor, 1957_Chrysler_300, 1957_Chrysler_Imperial, 1957_Chrysler_New Yorker, 1957_Chrysler_Saratoga, 1957_Chrysler_Windsor, 1958_Chrysler_300, 1958_Chrysler_Imperial, 1958_Chrysler_Saratoga, 1958_Chrysler_Windsor",17061E,,10.37,18.50,,"For sale is an intake manifold gasket set that fits:

-1951-58 Chrysler all V8 models

-1951-58 Imperial all models

Made in USA",,,,Best Gasket,,,,,,,,Intake Manifold Gasket Set,,,,,REPLACE
19133,,Engine,LV8-840,Intake Manifold Gasket Set,"1952_DeSoto_Firedome, 1953_DeSoto_Firedome, 1954_DeSoto_Firedome, 1955_DeSoto_Firedome, 1955_DeSoto_Fireflite, 1956_DeSoto_Adventurer, 1956_DeSoto_Firedome, 1956_DeSoto_Fireflite, 1957_DeSoto_Adventurer, 1957_DeSoto_Firedome, 1957_DeSoto_Fireflite","1952_DeSoto_Firedome, 1953_DeSoto_Firedome, 1954_DeSoto_Firedome, 1955_DeSoto_Firedome, 1955_DeSoto_Fireflite, 1956_DeSoto_Adventurer, 1956_DeSoto_Firedome, 1956_DeSoto_Fireflite, 1957_DeSoto_Adventurer, 1957_DeSoto_Firedome, 1957_DeSoto_Fireflite",16085E,,13.34,21.50,,"Intake manifold gasket set that fits

-1952-57 DeSoto all V8 models, except 1957 Firesweep

Made in USA",,,,Best Gasket,,,,,,,,Intake Manifold Gasket Set,,,,,REPLACE
22716,,Engine,LV8-920,"Main Bearing Set, SEE NOTE","1959_Chrysler_300, 1959_Chrysler_Imperial, 1959_Chrysler_New Yorker, 1959_Chrysler_Saratoga, 1959_Chrysler_Windsor, 1959_DeSoto_Adventurer, 1959_DeSoto_Firedome, 1959_DeSoto_Fireflite, 1959_DeSoto_Firesweep, 1959_Dodge_Coronet, 1959_Dodge_Custom Royal, 1959_Dodge_Royal, 1959_Dodge_Sierra, 1960_Chrysler_300, 1960_Chrysler_Imperial, 1960_Chrysler_New Yorker, 1960_Chrysler_Saratoga, 1960_Chrysler_Windsor, 1960_Dodge_Dart, 1960_Dodge_Matador, 1960_Dodge_Phoenix, 1960_Dodge_Pioneer, 1960_Dodge_Polara, 1960_Dodge_Seneca, 1960_Plymouth_Belvedere, 1960_Plymouth_Custom, 1960_Plymouth_Fleet Special, 1960_Plymouth_Fury, 1960_Plymouth_Savoy, 1960_Plymouth_Sport Wagon, 1960_Plymouth_Suburban, 1961_Chrysler_300, 1961_Chrysler_Imperial, 1961_Chrysler_New Yorker, 1962_Chrysler_300, 1962_Chrysler_Imperial, 1962_Chrysler_Newport, 1963_Chrysler_300, 1963_Chrysler_Imperial, 1963_Chrysler_New Yorker, 1963_Chrysler_Newport, 1963_Dodge_330, 1963_Dodge_440, 1963_Dodge_880, 1963_Dodge_Polara, 1963_Plymouth_Belvedere, 1963_Plymouth_Fury, 1963_Plymouth_Savoy, 1964_Chrysler_300, 1964_Chrysler_Imperial, 1964_Chrysler_New Yorker, 1964_Chrysler_Newport, 1964_Dodge_330, 1964_Dodge_440, 1964_Dodge_880, 1964_Dodge_Polara, 1964_Plymouth_Belvedere, 1964_Plymouth_Fury, 1964_Plymouth_Savoy, 1965_Chrysler_300, 1965_Chrysler_Imperial, 1965_Chrysler_New Yorker, 1965_Chrysler_Newport, 1965_Dodge_880, 1965_Dodge_Coronet, 1965_Dodge_Monaco, 1965_Dodge_Polara, 1965_Plymouth_Belvedere, 1965_Plymouth_Belvedere II, 1965_Plymouth_Satellite, 1966_Chrysler_300, 1966_Chrysler_Imperial, 1966_Chrysler_New Yorker, 1966_Chrysler_Newport, 1966_Chrysler_Town & Country, 1966_Dodge_Charger, 1966_Dodge_Coronet, 1966_Dodge_Monaco, 1966_Dodge_Polara, 1966_Plymouth_Belvedere, 1966_Plymouth_Belvedere II, 1966_Plymouth_Fury, 1966_Plymouth_Fury II, 1966_Plymouth_Fury III, 1966_Plymouth_Satellite, 1967_Chrysler_300, 1967_Chrysler_Imperial, 1967_Chrysler_New Yorker, 1967_Chrysler_Newport, 1967_Chrysler_Town & Country, 1967_Plymouth_Belvedere, 1967_Plymouth_Belvedere II, 1967_Plymouth_Fury, 1967_Plymouth_Fury II, 1967_Plymouth_Fury III, 1967_Plymouth_GTX, 1967_Plymouth_Satellite, 1967_Plymouth_VIP, 1968_Chrysler_300, 1968_Chrysler_Imperial, 1968_Chrysler_New Yorker, 1968_Chrysler_Newport, 1968_Chrysler_Town & Country, 1968_Dodge_Charger, 1968_Dodge_Coronet, 1968_Dodge_Monaco, 1968_Dodge_Polara, 1968_Plymouth_Belvedere, 1968_Plymouth_Fury, 1968_Plymouth_Fury I, 1968_Plymouth_Fury II, 1968_Plymouth_Fury III, 1968_Plymouth_GTX, 1968_Plymouth_Road Runner, 1968_Plymouth_Satellite, 1969_Chrysler_300, 1969_Chrysler_Imperial, 1969_Chrysler_New Yorker, 1969_Chrysler_Newport, 1969_Chrysler_Town & Country, 1969_Dodge_Charger, 1969_Dodge_Coronet, 1969_Dodge_Monaco, 1969_Dodge_Polara, 1969_Plymouth_Belvedere, 1969_Plymouth_Fury, 1969_Plymouth_Fury I, 1969_Plymouth_Fury II, 1969_Plymouth_Fury III, 1969_Plymouth_GTX, 1969_Plymouth_Road Runner, 1969_Plymouth_Satellite, 1970_Chrysler_300, 1970_Chrysler_Imperial, 1970_Chrysler_New Yorker, 1970_Chrysler_Newport, 1970_Chrysler_Town & Country, 1970_Dodge_Challenger, 1970_Dodge_Charger, 1970_Dodge_Coronet, 1970_Dodge_Monaco, 1970_Dodge_Polara, 1970_Plymouth_Belvedere, 1970_Plymouth_Fury, 1970_Plymouth_Fury I, 1970_Plymouth_Fury II, 1970_Plymouth_Fury III, 1970_Plymouth_GTX, 1970_Plymouth_Road Runner, 1970_Plymouth_Satellite, 1970_Plymouth_Superbird, 1971_Chrysler_300, 1971_Chrysler_Imperial, 1971_Chrysler_New Yorker, 1971_Chrysler_Newport, 1971_Chrysler_Town & Country, 1971_Dodge_Challenger, 1971_Dodge_Charger, 1971_Dodge_Coronet, 1971_Dodge_Monaco, 1971_Dodge_Polara, 1971_Plymouth_Belvedere, 1971_Plymouth_Fury, 1971_Plymouth_Fury I, 1971_Plymouth_Fury II, 1971_Plymouth_Fury III, 1971_Plymouth_GTX, 1971_Plymouth_Road Runner, 1971_Plymouth_Satellite, 1972_Dodge_Challenger, 1972_Dodge_Charger, 1972_Dodge_Coronet","1959_Chrysler_300, 1959_Chrysler_Imperial, 1959_Chrysler_New Yorker, 1959_Chrysler_Saratoga, 1959_Chrysler_Windsor, 1959_DeSoto_Adventurer, 1959_DeSoto_Firedome, 1959_DeSoto_Fireflite, 1959_DeSoto_Firesweep, 1959_Dodge_Coronet, 1959_Dodge_Custom, 1959_Dodge_Royal, 1959_Dodge_Sierra, 1960_Chrysler_300, 1960_Chrysler_Imperial, 1960_Chrysler_New Yorker, 1960_Chrysler_Saratoga, 1960_Chrysler_Windsor, 1960_Dodge_Dart, 1960_Dodge_Matador, 1960_Dodge_Phoenix, 1960_Dodge_Pioneer, 1960_Dodge_Polara, 1960_Dodge_Seneca, 1960_Plymouth_Belvedere, 1960_Plymouth_Custom, 1960_Plymouth_Fleet Special, 1960_Plymouth_Fury, 1960_Plymouth_Savoy, 1960_Plymouth_Sport Wagon, 1960_Plymouth_Suburban, 1961_Chrysler_300, 1961_Chrysler_Imperial, 1961_Chrysler_New Yorker, 1962_Chrysler_300, 1962_Chrysler_Imperial, 1962_Chrysler_Newport, 1963_Chrysler_300, 1963_Chrysler_Imperial, 1963_Chrysler_New Yorker, 1963_Chrysler_Newport, 1963_Dodge_330, 1963_Dodge_440, 1963_Dodge_880, 1963_Dodge_Polara, 1963_Plymouth_Belvedere, 1963_Plymouth_Fury, 1963_Plymouth_Savoy, 1964_Chrysler_300, 1964_Chrysler_Imperial, 1964_Chrysler_New Yorker, 1964_Chrysler_Newport, 1964_Dodge_330, 1964_Dodge_440, 1964_Dodge_880, 1964_Dodge_Polara, 1964_Plymouth_Belvedere, 1964_Plymouth_Fury, 1964_Plymouth_Savoy, 1965_Chrysler_300, 1965_Chrysler_Imperial, 1965_Chrysler_New Yorker, 1965_Chrysler_Newport, 1965_Dodge_880, 1965_Dodge_Coronet, 1965_Dodge_Monaco, 1965_Dodge_Polara, 1965_Plymouth_Belvedere, 1965_Plymouth_Belvedere II, 1965_Plymouth_Satellite, 1966_Chrysler_300, 1966_Chrysler_Imperial, 1966_Chrysler_New Yorker, 1966_Chrysler_Newport, 1966_Chrysler_Town & Country, 1966_Dodge_Charger, 1966_Dodge_Coronet, 1966_Dodge_Monaco, 1966_Dodge_Polara, 1966_Plymouth_Belvedere, 1966_Plymouth_Belvedere II, 1966_Plymouth_Fury, 1966_Plymouth_Fury II, 1966_Plymouth_Fury III, 1966_Plymouth_Satellite, 1967_Chrysler_300, 1967_Chrysler_Imperial, 1967_Chrysler_New Yorker, 1967_Chrysler_Newport, 1967_Chrysler_Town & Country, 1967_Plymouth_Belvedere, 1967_Plymouth_Belvedere II, 1967_Plymouth_Fury, 1967_Plymouth_Fury II, 1967_Plymouth_Fury III, 1967_Plymouth_GTX, 1967_Plymouth_Satellite, 1967_Plymouth_VIP, 1968_Chrysler_300, 1968_Chrysler_Imperial, 1968_Chrysler_New Yorker, 1968_Chrysler_Newport, 1968_Chrysler_Town & Country, 1968_Dodge_Charger_3.7L_2 Dr. Hardtop_6, 1968_Dodge_Charger_5.2L_2 Dr. Hardtop_8, 1968_Dodge_Charger_6.3L_2 Dr. Hardtop_8, 1968_Dodge_Charger_7.0L_2 Dr. Hardtop_8, 1968_Dodge_Charger_7.2L_2 Dr. Hardtop_8, 1968_Dodge_Coronet, 1968_Dodge_Coronet_5.2L_4 Dr. Wagon_8, 1968_Dodge_Coronet_7.0L_4 Dr. Wagon_8, 1968_Dodge_Coronet_7.2L_4 Dr. Wagon_8, 1968_Dodge_Monaco, 1968_Dodge_Polara, 1968_Plymouth_Belvedere, 1968_Plymouth_Fury, 1968_Plymouth_Fury I, 1968_Plymouth_Fury II, 1968_Plymouth_Fury III, 1968_Plymouth_GTX, 1968_Plymouth_Road Runner, 1968_Plymouth_Satellite, 1969_Chrysler_300, 1969_Chrysler_Imperial, 1969_Chrysler_New Yorker, 1969_Chrysler_Newport, 1969_Chrysler_Town & Country, 1969_Dodge_Charger, 1969_Dodge_Coronet, 1969_Dodge_Monaco, 1969_Dodge_Polara, 1969_Plymouth_Belvedere, 1969_Plymouth_Fury, 1969_Plymouth_Fury I, 1969_Plymouth_Fury II, 1969_Plymouth_Fury III, 1969_Plymouth_GTX, 1969_Plymouth_Road Runner, 1969_Plymouth_Satellite, 1970_Chrysler_300, 1970_Chrysler_Imperial, 1970_Chrysler_New Yorker, 1970_Chrysler_Newport, 1970_Chrysler_Town & Country, 1970_Dodge_Challenger, 1970_Dodge_Charger, 1970_Dodge_Coronet, 1970_Dodge_Monaco, 1970_Dodge_Polara, 1970_Plymouth_Belvedere, 1970_Plymouth_Fury, 1970_Plymouth_Fury I, 1970_Plymouth_Fury II, 1970_Plymouth_Fury III, 1970_Plymouth_GTX, 1970_Plymouth_Road Runner, 1970_Plymouth_Satellite, 1970_Plymouth_Superbird, 1971_Chrysler_300, 1971_Chrysler_Imperial, 1971_Chrysler_New Yorker, 1971_Chrysler_Newport, 1971_Chrysler_Town & Country, 1971_Dodge_Challenger, 1971_Dodge_Charger, 1971_Dodge_Coronet, 1971_Dodge_Monaco, 1971_Dodge_Polara, 1971_Plymouth_Belvedere, 1971_Plymouth_Fury, 1971_Plymouth_Fury I, 1971_Plymouth_Fury II, 1971_Plymouth_Fury III, 1971_Plymouth_GTX, 1971_Plymouth_Road Runner, 1971_Plymouth_Satellite, 1972_Dodge_Challenger, 1972_Dodge_Charger, 1972_Dodge_Coronet",#N/A,#N/A,#N/A,0.00,,"Main bearing set that fits
-1959-60 383 cui V8
-1959-73 413 cui V8
-1966-73 440 cui V8
-1963-65 426 Wedge V8, DOES NOT FIT 426 HEMI",,,,#N/A,,,,,,,,Main Bearing Set,,,,,REPLACE
